{"cameraMode":{"drawMode":0,"name":"Shaded","section":"Shading Mode"},"sceneLighting":false,"audioPlay":false,"sceneViewState":{"showFog":false,"showMaterialUpdate":false,"showSkybox":false,"showFlares":false,"showImageEffects":false,"showParticleSystems":false},"in2DMode":false,"pivot":{"x":-0.12836585938930512,"y":12.787917137145996,"z":11.718503952026368},"rotation":{"x":0.000685534963849932,"y":0.9247871041297913,"z":-0.3804807960987091,"w":0.0016624481650069357},"size":1.8290457725524903,"orthographic":false}