{"cameraMode":{"drawMode":0,"name":"Shaded","section":"Shading Mode"},"sceneLighting":false,"audioPlay":false,"sceneViewState":{"showFog":false,"showMaterialUpdate":false,"showSkybox":false,"showFlares":false,"showImageEffects":false,"showParticleSystems":false},"in2DMode":false,"pivot":{"x":0.0,"y":0.23346522450447083,"z":5.179999828338623},"rotation":{"x":-0.08976411074399948,"y":0.8224582076072693,"z":-0.5451260209083557,"w":-0.13543486595153809},"size":13.521136283874512,"orthographic":false}