{"cameraMode":{"drawMode":0,"name":"Shaded","section":"Shading Mode"},"sceneLighting":false,"audioPlay":false,"sceneViewState":{"showFog":false,"showMaterialUpdate":false,"showSkybox":false,"showFlares":false,"showImageEffects":false,"showParticleSystems":false},"in2DMode":false,"pivot":{"x":-3.2698585987091066,"y":0.2459101378917694,"z":3.8252596855163576},"rotation":{"x":-0.04227540269494057,"y":0.9485042691230774,"z":-0.14366266131401063,"w":-0.2791299521923065},"size":2.3449175357818605,"orthographic":false}