{"cameraMode":{"drawMode":0,"name":"Shaded","section":"Shading Mode"},"sceneLighting":false,"audioPlay":false,"sceneViewState":{"showFog":false,"showMaterialUpdate":false,"showSkybox":false,"showFlares":false,"showImageEffects":false,"showParticleSystems":false},"in2DMode":false,"pivot":{"x":-2.0331532955169679,"y":0.3821333050727844,"z":1.0530091524124146},"rotation":{"x":-0.061391863971948627,"y":0.9048970937728882,"z":-0.13983476161956788,"w":-0.3972889482975006},"size":2.857893943786621,"orthographic":false}